t,x_f,S_c,T_max,p_min,p_max,u_ahead,mass_budget,energy_budget,steps,wall
5.000000000e-06,4.046825132e-03,7.399820005e-01,2388.841,101325.000,102172.984,-8.033306e-01,8.361e-16,4.065e-15,804,4.7
1.000000000e-05,4.060820579e-03,1.270122762e+00,2389.033,101583.499,102789.329,-9.215331e-01,4.765e-16,3.914e-15,1608,8.8
1.500000000e-05,4.068082846e-03,1.450314138e+00,2389.410,101689.973,102351.856,-1.193009e+00,7.448e-16,4.097e-15,2412,11.7
2.000000000e-05,4.070700845e-03,1.562111762e+00,2390.122,101734.729,102194.991,3.215873e-01,7.643e-16,3.776e-15,3217,14.6
2.500000000e-05,4.073539133e-03,1.676702460e+00,2390.146,101864.115,102184.562,-1.467352e-01,5.699e-16,4.051e-15,4023,17.4
3.000000000e-05,4.070180293e-03,1.806464824e+00,2390.120,101721.638,102097.655,3.139251e-01,9.078e-16,3.658e-15,4829,20.4
3.500000000e-05,4.064960433e-03,1.935916380e+00,2390.194,101766.300,102010.180,6.962105e-01,3.498e-16,4.137e-15,5636,23.6
4.000000000e-05,4.057260484e-03,2.054753117e+00,2389.941,101762.653,101885.371,1.408928e-01,7.053e-16,3.913e-15,6443,27.6
4.500000000e-05,4.048458250e-03,2.157399367e+00,2389.728,101694.152,101876.970,3.006384e-01,-1.343e-16,3.370e-15,7251,32.2
5.000000000e-05,4.037996347e-03,2.239367070e+00,2389.518,101693.090,101830.546,5.669137e-02,7.109e-16,3.931e-15,8059,36.7
5.500000000e-05,4.024392862e-03,2.306345738e+00,2389.321,101715.624,101802.952,-1.724829e-01,-7.470e-16,3.242e-15,8867,41.2
6.000000000e-05,4.011872066e-03,2.361247072e+00,2389.498,101742.980,101836.607,-8.557887e-02,-6.748e-16,3.953e-15,9675,45.7
6.500000000e-05,3.998789320e-03,2.399790371e+00,2389.524,101774.272,101872.038,-2.529457e-01,3.769e-16,4.120e-15,10483,50.2
7.000000000e-05,3.983489266e-03,2.428582654e+00,2389.799,101823.840,101949.723,-3.268141e-01,9.005e-16,4.190e-15,11291,54.7
7.500000000e-05,3.969513819e-03,2.447552356e+00,2390.151,101924.480,102034.267,-4.593428e-01,3.701e-16,4.164e-15,12099,59.1
8.000000000e-05,3.953998203e-03,2.460547554e+00,2390.371,102029.549,102141.221,-6.022673e-01,3.882e-16,3.760e-15,12907,64.5
8.500000000e-05,3.937127930e-03,2.463642056e+00,2390.491,102163.174,102252.849,-6.536152e-01,4.469e-16,3.601e-15,13715,70.6
9.000000000e-05,3.922214867e-03,2.468888695e+00,2390.030,102260.376,102353.042,-6.537289e-01,8.486e-16,3.627e-15,14523,76.2
9.500000000e-05,3.906040772e-03,2.466869905e+00,2388.646,102337.186,102459.431,-4.767563e-01,5.733e-16,3.699e-15,15332,80.7
1.000000000e-04,3.892424784e-03,2.460724448e+00,2385.898,102375.203,102554.556,-2.245976e-01,9.660e-16,3.955e-15,16142,85.2
1.050000000e-04,3.881118317e-03,2.455209809e+00,2381.230,102349.725,102562.413,1.505682e-01,1.205e-15,3.486e-15,16952,89.7
1.100000000e-04,3.871710382e-03,2.445295503e+00,2374.103,102263.102,102492.334,6.056617e-01,8.305e-16,3.534e-15,17763,94.2
1.150000000e-04,3.864581851e-03,2.432919787e+00,2363.847,102093.420,102316.842,1.031677e+00,1.156e-15,3.691e-15,18573,98.7
1.200000000e-04,3.859990479e-03,2.419803884e+00,2349.977,101835.433,102043.599,1.451845e+00,6.545e-16,4.114e-15,19382,103.3
1.250000000e-04,3.858856452e-03,2.403528047e+00,2332.199,101491.906,101694.655,1.843154e+00,2.437e-16,3.356e-15,20189,107.7
1.300000000e-04,3.859845891e-03,2.384885722e+00,2310.580,101068.326,101259.737,2.212810e+00,7.493e-16,3.442e-15,20993,112.1
1.350000000e-04,3.863624659e-03,2.365484559e+00,2285.731,100589.894,100750.172,2.574022e+00,7.042e-16,3.575e-15,21793,116.6
1.400000000e-04,3.869062689e-03,2.347041847e+00,2258.753,100081.935,100182.156,2.788794e+00,1.327e-15,4.311e-15,22589,121.8
1.450000000e-04,3.874864564e-03,2.329874537e+00,2231.232,99567.492,99653.827,2.816255e+00,9.840e-16,5.190e-15,23379,126.9
1.500000000e-04,3.879777889e-03,2.314018273e+00,2204.950,98980.566,99145.449,2.614007e+00,8.396e-16,4.239e-15,24164,131.8
1.550000000e-04,3.882545154e-03,2.299559539e+00,2181.614,98466.131,98699.285,2.180544e+00,3.521e-16,5.788e-15,24943,136.4
1.600000000e-04,3.882009042e-03,2.288414081e+00,2162.498,98066.112,98351.912,1.572546e+00,6.680e-16,5.814e-15,25717,141.4
1.650000000e-04,3.876951411e-03,2.282085913e+00,2148.179,97811.118,98142.916,7.998451e-01,-2.076e-16,5.068e-15,26486,146.6
1.700000000e-04,3.866057052e-03,2.280164145e+00,2138.420,97722.708,98072.112,-3.793872e-02,1.020e-15,4.653e-15,27252,151.7
1.750000000e-04,3.851376856e-03,2.281762845e+00,2132.518,97829.780,98110.951,-8.001633e-01,8.305e-16,3.921e-15,28015,156.6
1.800000000e-04,3.832458873e-03,2.283387715e+00,2129.864,98089.132,98303.462,-1.412187e+00,1.147e-15,4.035e-15,28776,161.6
1.850000000e-04,3.809814171e-03,2.291449360e+00,2129.746,98424.299,98606.579,-1.848074e+00,1.309e-15,4.085e-15,29536,166.5
1.900000000e-04,3.785042345e-03,2.295587160e+00,2131.410,98865.422,98997.750,-2.109572e+00,1.462e-15,4.127e-15,30295,171.6
1.950000000e-04,3.760965010e-03,2.304903909e+00,2134.206,99313.569,99393.227,-2.210197e+00,1.047e-15,3.321e-15,31054,176.6
2.000000000e-04,3.735492532e-03,2.311181030e+00,2137.815,99716.922,99823.568,-2.052165e+00,1.616e-15,4.098e-15,31813,181.5
2.050000000e-04,3.712834280e-03,2.323770471e+00,2141.919,100111.664,100259.920,-1.825526e+00,1.860e-15,4.005e-15,32572,186.4
2.100000000e-04,3.690975625e-03,2.333399609e+00,2146.238,100468.877,100624.428,-1.509418e+00,1.878e-15,3.902e-15,33332,191.3
2.150000000e-04,3.671161893e-03,2.345120182e+00,2150.660,100785.203,100926.708,-1.232188e+00,1.679e-15,3.200e-15,34092,196.3
2.200000000e-04,3.652544531e-03,2.353264751e+00,2155.058,101047.271,101165.405,-9.736385e-01,6.680e-16,3.796e-15,34853,201.3
2.250000000e-04,3.635937786e-03,2.362169945e+00,2159.418,101264.800,101374.397,-7.952083e-01,1.878e-15,3.665e-15,35615,206.1
2.300000000e-04,3.618583207e-03,2.365922426e+00,2163.747,101451.754,101552.496,-6.512426e-01,1.444e-15,3.705e-15,36378,210.9
2.350000000e-04,3.604204748e-03,2.372733055e+00,2168.005,101609.147,101699.746,-5.941457e-01,1.697e-15,3.271e-15,37141,216.0
2.400000000e-04,3.588507194e-03,2.374925424e+00,2172.153,101740.508,101841.062,-5.401572e-01,1.715e-15,3.503e-15,37905,220.9
2.450000000e-04,3.573497880e-03,2.377076061e+00,2176.131,101844.081,101940.640,-4.789100e-01,9.750e-16,3.353e-15,38670,225.9
2.500000000e-04,3.559773102e-03,2.380311750e+00,2179.948,101931.674,102031.439,-3.645690e-01,1.553e-15,3.147e-15,39436,231.0
2.550000000e-04,3.545393279e-03,2.379976586e+00,2183.578,102007.338,102110.021,-2.418418e-01,9.389e-16,3.669e-15,40202,237.1
2.600000000e-04,3.532691472e-03,2.380885169e+00,2186.932,102057.742,102157.427,-1.379501e-01,7.944e-16,4.060e-15,40969,241.6
2.650000000e-04,3.520898965e-03,2.381876896e+00,2190.038,102094.372,102184.342,-6.773163e-02,1.246e-15,4.334e-15,41737,246.7
2.700000000e-04,3.508441012e-03,2.380413297e+00,2192.871,102113.894,102206.617,-2.719436e-02,1.318e-15,3.537e-15,42505,251.7
2.750000000e-04,3.496148522e-03,2.379658842e+00,2195.433,102116.463,102210.156,5.471813e-03,2.329e-15,3.762e-15,43274,256.6
2.800000000e-04,3.485336228e-03,2.379951087e+00,2197.782,102114.020,102197.312,2.993403e-02,2.112e-15,3.652e-15,44043,261.5
2.850000000e-04,3.473839740e-03,2.378566612e+00,2199.930,102107.715,102195.872,4.845457e-02,1.553e-15,3.976e-15,44813,266.2
2.900000000e-04,3.461250651e-03,2.376471247e+00,2201.870,102093.117,102185.062,6.860904e-02,2.672e-15,3.693e-15,45583,271.0
2.950000000e-04,3.450786415e-03,2.376659566e+00,2203.645,102076.055,102164.629,8.337451e-02,2.022e-15,3.480e-15,46353,276.4
3.000000000e-04,3.439977637e-03,2.375863684e+00,2205.281,102060.077,102142.630,8.590452e-02,1.426e-15,3.393e-15,47124,281.8
3.050000000e-04,3.428258589e-03,2.373839732e+00,2206.773,102040.555,102127.953,8.403612e-02,2.275e-15,4.577e-15,47895,286.9
3.100000000e-04,3.416447552e-03,2.373201644e+00,2208.137,102017.648,102107.319,8.517738e-02,2.293e-15,3.921e-15,48666,291.4
3.150000000e-04,3.406011838e-03,2.373309206e+00,2209.417,101998.664,102078.602,8.313641e-02,2.058e-15,4.139e-15,49437,296.9
3.200000000e-04,3.394790599e-03,2.372086670e+00,2210.609,101981.490,102065.894,7.374462e-02,1.499e-15,3.970e-15,50209,302.0
3.250000000e-04,3.382363652e-03,2.370354551e+00,2211.701,101961.191,102050.427,7.211203e-02,2.004e-15,4.369e-15,50981,307.0
3.300000000e-04,3.371615287e-03,2.370915887e+00,2212.722,101942.208,102029.068,7.131192e-02,1.264e-15,4.185e-15,51753,312.6
3.350000000e-04,3.360741365e-03,2.370606242e+00,2213.691,101927.711,102008.760,6.519858e-02,2.004e-15,4.140e-15,52525,318.0
3.400000000e-04,3.348916072e-03,2.369066301e+00,2214.586,101912.351,101999.092,5.905935e-02,2.022e-15,4.907e-15,53297,323.6
3.450000000e-04,3.336827744e-03,2.368791208e+00,2215.409,101894.457,101983.774,5.941093e-02,2.185e-15,4.479e-15,54070,329.1
3.500000000e-04,3.326261848e-03,2.369322743e+00,2216.196,101880.816,101960.634,5.824404e-02,1.499e-15,4.643e-15,54843,334.1
3.550000000e-04,3.314897090e-03,2.368449529e+00,2216.940,101869.302,101953.846,4.971978e-02,3.792e-16,3.473e-15,55616,339.1
3.600000000e-04,3.302310994e-03,2.367051424e+00,2217.621,101854.562,101943.774,4.940861e-02,8.667e-16,3.852e-15,56389,344.3
3.650000000e-04,3.291451292e-03,2.367908883e+00,2218.268,101840.873,101927.391,4.972646e-02,1.047e-15,3.913e-15,57162,349.1
3.700000000e-04,3.280439149e-03,2.367819318e+00,2218.896,101831.510,101913.123,4.355793e-02,5.958e-16,4.272e-15,57935,353.6
3.750000000e-04,3.268440773e-03,2.366469726e+00,2219.484,101821.062,101907.962,3.817560e-02,7.042e-16,3.762e-15,58708,358.4
3.800000000e-04,3.256332246e-03,2.366511759e+00,2220.033,101808.258,101897.147,3.922353e-02,1.011e-15,4.664e-15,59481,364.0
3.850000000e-04,3.245616771e-03,2.367212138e+00,2220.576,101799.772,101878.113,3.730621e-02,7.403e-16,4.289e-15,60254,370.0
3.900000000e-04,3.234066225e-03,2.366417784e+00,2221.101,101793.138,101877.927,2.844527e-02,1.390e-15,3.651e-15,61028,375.3
3.950000000e-04,3.221231660e-03,2.365311308e+00,2221.589,101783.180,101872.506,2.890664e-02,8.305e-16,3.418e-15,61802,380.6
4.000000000e-04,3.210483438e-03,2.366386717e+00,2222.067,101774.759,101860.311,2.961105e-02,1.083e-16,3.343e-15,62576,385.8
4.050000000e-04,3.199280036e-03,2.366296746e+00,2222.545,101770.416,101852.998,2.277250e-02,2.167e-16,3.673e-15,63350,391.4
4.100000000e-04,3.187022795e-03,2.365007895e+00,2222.996,101764.223,101851.794,1.956745e-02,1.481e-15,4.091e-15,64124,396.4
4.150000000e-04,3.175085457e-03,2.365454506e+00,2223.425,101756.191,101844.741,2.216238e-02,1.336e-15,3.753e-15,64898,401.6
4.200000000e-04,3.164184414e-03,2.366128690e+00,2223.862,101752.299,101831.697,2.004637e-02,7.583e-16,3.696e-15,65672,406.9
4.250000000e-04,3.152401094e-03,2.365250496e+00,2224.289,101749.350,101835.067,1.300071e-02,1.047e-15,3.550e-15,66446,411.9
4.300000000e-04,3.139455674e-03,2.364683750e+00,2224.689,101742.744,101832.376,1.526480e-02,1.264e-15,3.516e-15,67220,417.4
4.350000000e-04,3.128851001e-03,2.365725819e+00,2225.094,101738.484,101822.169,1.719219e-02,1.336e-15,3.775e-15,67994,422.5
4.400000000e-04,3.117447859e-03,2.365478325e+00,2225.505,101737.423,101821.032,9.028222e-03,1.011e-15,3.731e-15,68768,427.6
4.450000000e-04,3.104899124e-03,2.364201939e+00,2225.897,101733.500,101822.078,9.226308e-03,1.444e-15,3.814e-15,69542,432.7
4.500000000e-04,3.093318797e-03,2.365098514e+00,2226.283,101728.553,101816.437,1.252917e-02,1.192e-15,3.922e-15,70316,437.8
4.550000000e-04,3.082233864e-03,2.365557541e+00,2226.687,101727.904,101808.675,8.903440e-03,2.311e-15,4.021e-15,71090,443.7
4.600000000e-04,3.070197249e-03,2.364530565e+00,2227.086,101726.833,101813.413,3.586542e-03,2.275e-15,3.949e-15,71864,449.5
4.650000000e-04,3.057598919e-03,2.364450152e+00,2227.472,101722.356,101811.830,7.793353e-03,1.517e-15,4.065e-15,72639,454.1
4.700000000e-04,3.046809410e-03,2.365491659e+00,2227.877,101721.146,101801.694,8.485386e-03,2.058e-15,4.891e-15,73414,460.9
4.750000000e-04,3.035185684e-03,2.365013571e+00,2228.293,101722.012,101806.794,3.540273e-04,1.481e-15,4.220e-15,74189,466.0
4.800000000e-04,3.022307216e-03,2.363924737e+00,2228.696,101719.392,101808.766,2.844643e-03,7.222e-16,4.525e-15,74964,471.3
4.850000000e-04,3.011208912e-03,2.365128741e+00,2229.108,101717.075,101803.532,6.591113e-03,5.778e-16,3.884e-15,75739,476.1
4.900000000e-04,2.999927658e-03,2.365308463e+00,2229.544,101718.658,101801.112,4.323793e-04,5.778e-16,3.964e-15,76514,481.2
4.950000000e-04,2.987600088e-03,2.364156102e+00,2229.975,101718.263,101805.875,-1.463136e-03,3.611e-17,4.190e-15,77289,486.3
5.000000000e-04,2.975453117e-03,2.364623759e+00,2230.403,101715.510,101804.475,3.758528e-03,-3.972e-16,3.709e-15,78064,491.5
5.050000000e-04,2.964480359e-03,2.365490387e+00,2230.855,101716.328,101795.889,2.739141e-03,6.139e-16,4.097e-15,78839,497.4
5.100000000e-04,2.952616375e-03,2.364730427e+00,2231.315,101717.826,101803.759,-3.980887e-03,-6.139e-16,4.159e-15,79614,502.5
5.150000000e-04,2.939554759e-03,2.364220299e+00,2231.765,101715.580,101805.423,1.026850e-03,0.000e+00,3.670e-15,80389,507.1
5.200000000e-04,2.928885508e-03,2.365375369e+00,2232.231,101715.000,101799.153,4.776073e-03,6.139e-16,4.038e-15,81164,511.8
5.250000000e-04,2.917409625e-03,2.365206768e+00,2232.715,101717.245,101801.126,-3.885508e-03,7.222e-16,3.535e-15,81939,516.7
5.300000000e-04,2.904777844e-03,2.363991508e+00,2233.189,101716.417,101805.366,-1.276061e-03,5.778e-16,4.205e-15,82715,521.8
5.350000000e-04,2.893172674e-03,2.364974381e+00,2233.665,101714.315,101802.465,4.526702e-03,9.028e-16,3.873e-15,83491,527.0
5.400000000e-04,2.882033158e-03,2.365464932e+00,2234.163,101715.988,101797.031,4.057622e-04,6.861e-16,3.816e-15,84267,532.1
5.450000000e-04,2.869926680e-03,2.364449553e+00,2234.659,101716.583,101803.607,-3.281882e-03,-1.083e-16,3.855e-15,85043,537.6
5.500000000e-04,2.857350272e-03,2.364457999e+00,2235.144,101713.871,101803.626,3.548740e-03,6.500e-16,3.561e-15,85819,542.9
5.550000000e-04,2.846526046e-03,2.365513994e+00,2235.647,101713.945,101794.236,5.136950e-03,7.944e-16,3.991e-15,86595,547.8
5.600000000e-04,2.834858045e-03,2.364996971e+00,2236.157,101715.411,101800.518,-3.343947e-03,8.305e-16,3.620e-15,87371,553.3
5.650000000e-04,2.821927023e-03,2.363956848e+00,2236.653,101713.322,101803.073,1.940611e-03,1.047e-15,3.841e-15,88147,558.4
5.700000000e-04,2.810909344e-03,2.365186930e+00,2237.153,101711.346,101798.059,7.979976e-03,1.336e-15,3.858e-15,88923,563.7
5.750000000e-04,2.799613310e-03,2.365288850e+00,2237.670,101712.767,101795.534,-3.137853e-04,1.481e-15,3.621e-15,89699,568.8
5.800000000e-04,2.787257037e-03,2.364108929e+00,2238.175,101711.770,101799.889,3.084097e-04,1.517e-15,3.402e-15,90476,573.4
5.850000000e-04,2.775190533e-03,2.364630434e+00,2238.671,101708.570,101797.830,7.589155e-03,1.444e-15,3.218e-15,91253,578.5
5.900000000e-04,2.764225085e-03,2.365412781e+00,2239.184,101708.709,101788.439,5.083532e-03,1.192e-15,3.039e-15,92030,583.1
5.950000000e-04,2.752357169e-03,2.364584311e+00,2239.694,101708.805,101795.046,-1.060176e-03,1.842e-15,3.128e-15,92807,588.1
6.000000000e-04,2.739362971e-03,2.364099509e+00,2240.188,101705.556,101795.548,5.776588e-03,1.119e-15,3.563e-15,93584,592.6
6.050000000e-04,2.728712783e-03,2.365209008e+00,2240.690,101703.800,101787.807,9.736046e-03,2.203e-15,3.950e-15,94361,597.6
6.100000000e-04,2.717252627e-03,2.364947449e+00,2241.201,101704.470,101788.430,-6.799876e-04,2.708e-15,3.169e-15,95138,602.5
6.150000000e-04,2.704632664e-03,2.363709359e+00,2241.695,101702.139,101791.271,3.356383e-03,2.239e-15,3.731e-15,95915,607.4
6.200000000e-04,2.693087211e-03,2.364683108e+00,2242.184,101698.710,101787.097,1.109236e-02,2.022e-15,3.840e-15,96692,612.4
6.250000000e-04,2.681977143e-03,2.365081586e+00,2242.688,101698.973,101779.774,3.524522e-03,2.167e-15,2.933e-15,97469,617.4
6.300000000e-04,2.669891639e-03,2.364024029e+00,2243.182,101697.753,101784.953,8.009995e-04,2.275e-15,2.873e-15,98247,622.1
6.350000000e-04,2.657346291e-03,2.364021485e+00,2243.662,101693.805,101783.755,9.182142e-03,1.914e-15,2.861e-15,99025,626.6
6.400000000e-04,2.646556582e-03,2.365016531e+00,2244.153,101692.630,101772.738,8.682315e-03,1.697e-15,3.010e-15,99803,631.8
6.450000000e-04,2.634914198e-03,2.364446637e+00,2244.645,101692.428,101777.546,-4.676118e-04,2.094e-15,3.586e-15,100581,637.1
6.500000000e-04,2.622014071e-03,2.363384365e+00,2245.120,101689.254,101778.971,5.757592e-03,2.094e-15,3.655e-15,101359,642.3
6.550000000e-04,2.611005551e-03,2.364587022e+00,2245.595,101686.186,101773.073,1.195722e-02,3.033e-15,3.364e-15,102137,647.6
6.600000000e-04,2.599738052e-03,2.364632183e+00,2246.082,101686.344,101768.875,1.353285e-03,2.347e-15,3.574e-15,102915,652.8
6.650000000e-04,2.587410357e-03,2.363440170e+00,2246.554,101684.315,101772.392,2.326923e-03,1.842e-15,3.986e-15,103693,658.9
6.700000000e-04,2.575330780e-03,2.363934475e+00,2247.016,101680.265,101769.876,1.170194e-02,1.769e-15,3.838e-15,104471,665.5
6.750000000e-04,2.564396076e-03,2.364679631e+00,2247.491,101679.786,101759.072,5.902298e-03,1.336e-15,4.493e-15,105249,672.3
6.800000000e-04,2.552551647e-03,2.363841420e+00,2247.960,101678.757,101765.023,-2.981918e-04,1.842e-15,4.572e-15,106027,677.9
6.850000000e-04,2.539529465e-03,2.363331088e+00,2248.415,101675.129,101765.292,8.351564e-03,1.806e-15,4.334e-15,106806,683.9
6.900000000e-04,2.528909084e-03,2.364418130e+00,2248.875,101672.984,101756.981,1.066259e-02,4.694e-16,4.982e-15,107585,689.5
6.950000000e-04,2.517468761e-03,2.364141253e+00,2249.340,101672.804,101756.683,-1.024058e-03,1.336e-15,4.326e-15,108364,695.3
7.000000000e-04,2.504874327e-03,2.362901036e+00,2249.791,101670.239,101759.325,3.840771e-03,9.028e-16,4.290e-15,109143,701.0
7.050000000e-04,2.493290663e-03,2.363856410e+00,2250.236,101666.706,101755.341,1.257612e-02,8.305e-16,4.708e-15,109922,706.7
7.100000000e-04,2.482200653e-03,2.364239715e+00,2250.694,101666.486,101747.024,2.535557e-03,1.011e-15,4.895e-15,110701,713.1
7.150000000e-04,2.470132726e-03,2.363193284e+00,2251.142,101665.015,101752.190,-2.186261e-04,9.028e-16,4.732e-15,111480,720.0
7.200000000e-04,2.457544367e-03,2.363173971e+00,2251.576,101661.100,101751.440,1.089597e-02,9.750e-16,5.449e-15,112259,726.9
7.250000000e-04,2.446776354e-03,2.364152875e+00,2252.022,101660.045,101740.084,7.638984e-03,1.842e-15,4.797e-15,113038,733.5
7.300000000e-04,2.435146052e-03,2.363596162e+00,2252.467,101659.443,101744.508,-2.284208e-03,1.408e-15,5.424e-15,113817,740.3
7.350000000e-04,2.422266023e-03,2.362531307e+00,2252.898,101656.471,101746.448,6.369423e-03,1.986e-15,5.157e-15,114596,747.1
7.400000000e-04,2.411212828e-03,2.363724179e+00,2253.329,101653.736,101740.502,1.177080e-02,1.661e-15,4.737e-15,115376,753.5
7.450000000e-04,2.399955525e-03,2.363773899e+00,2253.768,101653.643,101735.994,-8.133040e-04,1.589e-15,5.451e-15,116156,759.2
7.500000000e-04,2.387639143e-03,2.362598625e+00,2254.197,101651.738,101739.851,1.176295e-03,2.383e-15,5.098e-15,116936,764.9
7.550000000e-04,2.375518025e-03,2.363082288e+00,2254.616,101648.140,101737.991,1.272485e-02,2.744e-15,5.989e-15,117716,770.6
7.600000000e-04,2.364596493e-03,2.363824628e+00,2255.048,101647.775,101726.647,3.746851e-03,2.383e-15,5.304e-15,118496,776.3
7.650000000e-04,2.352756942e-03,2.363002407e+00,2255.473,101646.703,101732.928,-2.650457e-03,1.300e-15,5.342e-15,119276,781.9
7.700000000e-04,2.339693842e-03,2.362497314e+00,2255.887,101643.496,101734.036,9.412648e-03,1.878e-15,5.333e-15,120056,787.6
7.750000000e-04,2.329089736e-03,2.363573320e+00,2256.306,101641.836,101725.681,9.132861e-03,1.300e-15,5.267e-15,120836,793.4
7.800000000e-04,2.317652470e-03,2.363306250e+00,2256.728,101641.478,101725.168,-4.020502e-03,1.444e-15,5.448e-15,121616,799.1
7.850000000e-04,2.305065569e-03,2.362090458e+00,2257.139,101639.207,101728.653,3.980209e-03,1.806e-15,5.326e-15,122396,804.8
7.900000000e-04,2.293449140e-03,2.363038791e+00,2257.547,101636.374,101724.879,1.239685e-02,1.156e-15,5.358e-15,123176,810.6
7.950000000e-04,2.282363967e-03,2.363423939e+00,2257.964,101636.139,101716.411,-4.864576e-04,2.167e-16,5.803e-15,123956,816.4
8.000000000e-04,2.270295579e-03,2.362397992e+00,2258.372,101634.704,101722.069,-1.732907e-03,4.333e-16,6.100e-15,124737,822.1
8.050000000e-04,2.257678048e-03,2.362388315e+00,2258.771,101631.526,101722.085,1.221546e-02,1.228e-15,5.602e-15,125518,828.0
8.100000000e-04,2.246920181e-03,2.363355159e+00,2259.180,101630.818,101710.599,4.956279e-03,2.889e-16,5.577e-15,126299,833.8
8.150000000e-04,2.235285773e-03,2.362808937e+00,2259.586,101629.996,101715.109,-5.067875e-03,-2.889e-16,5.409e-15,127080,839.6
8.200000000e-04,2.222414888e-03,2.361770259e+00,2259.982,101627.530,101717.975,7.632223e-03,-1.156e-15,5.613e-15,127861,845.5
8.250000000e-04,2.211336698e-03,2.362953594e+00,2260.379,101625.460,101712.028,1.029221e-02,-1.878e-15,5.929e-15,128642,851.3
8.300000000e-04,2.200076624e-03,2.363002597e+00,2260.782,101625.186,101707.308,-4.415611e-03,-2.456e-15,5.585e-15,129423,857.2
8.350000000e-04,2.187758025e-03,2.361857642e+00,2261.176,101623.450,101712.060,1.391486e-03,-2.817e-15,5.685e-15,130204,862.9
8.400000000e-04,2.175620664e-03,2.362347170e+00,2261.564,101620.752,101710.613,1.285215e-02,-2.889e-15,5.723e-15,130985,869.1
8.450000000e-04,2.164701419e-03,2.363075697e+00,2261.962,101620.363,101698.886,2.264622e-04,-2.239e-15,5.348e-15,131766,875.9
8.500000000e-04,2.152852780e-03,2.362270178e+00,2262.353,101619.190,101705.717,-4.181721e-03,-3.756e-15,5.554e-15,132547,882.3
8.550000000e-04,2.139774326e-03,2.361793552e+00,2262.737,101616.763,101707.616,1.123206e-02,-3.972e-15,5.623e-15,133328,888.0
8.600000000e-04,2.129179491e-03,2.362851583e+00,2263.125,101615.547,101699.004,6.377686e-03,-3.828e-15,6.189e-15,134110,893.8
8.650000000e-04,2.117731546e-03,2.362585098e+00,2263.513,101614.811,101698.541,-7.140922e-03,-3.322e-15,5.970e-15,134892,899.7
8.700000000e-04,2.105146457e-03,2.361407390e+00,2263.894,101612.953,101703.034,5.812175e-03,-3.972e-15,5.811e-15,135674,905.6
8.750000000e-04,2.093522986e-03,2.362348630e+00,2264.274,101610.986,101699.193,1.137397e-02,-3.683e-15,7.102e-15,136456,911.3
8.800000000e-04,2.082430848e-03,2.362719111e+00,2264.658,101610.432,101690.433,-4.543601e-03,-2.961e-15,6.275e-15,137238,917.1
8.850000000e-04,2.070353268e-03,2.361722134e+00,2265.036,101608.980,101697.000,-1.186684e-03,-2.961e-15,6.362e-15,138020,922.8
8.900000000e-04,2.057734324e-03,2.361732252e+00,2265.409,101606.837,101697.474,1.321540e-02,-2.239e-15,6.505e-15,138802,928.7
8.950000000e-04,2.046977238e-03,2.362670493e+00,2265.788,101606.103,101685.356,9.850379e-04,-2.817e-15,6.118e-15,139584,934.5
9.000000000e-04,2.035327163e-03,2.362136867e+00,2266.162,101604.910,101690.448,-6.483514e-03,-4.189e-15,6.935e-15,140366,940.5
9.050000000e-04,2.022466635e-03,2.361136969e+00,2266.532,101603.233,101694.130,1.038015e-02,-4.478e-15,6.305e-15,141148,946.4
9.100000000e-04,2.011384247e-03,2.362296481e+00,2266.902,101601.747,101687.635,7.535305e-03,-3.972e-15,6.217e-15,141930,952.2
9.150000000e-04,2.000108011e-03,2.362338660e+00,2267.273,101600.853,101683.018,-7.868629e-03,-3.828e-15,6.355e-15,142712,958.1
9.200000000e-04,1.987787003e-03,2.361234815e+00,2267.640,101599.420,101688.850,4.065035e-03,-3.322e-15,6.648e-15,143494,964.1
9.250000000e-04,1.975657202e-03,2.361722471e+00,2268.004,101597.720,101687.074,1.243928e-02,-3.178e-15,6.458e-15,144276,969.8
9.300000000e-04,1.964726932e-03,2.362425072e+00,2268.371,101596.905,101675.053,-4.397225e-03,-3.683e-15,6.052e-15,145059,975.8
9.350000000e-04,1.952864526e-03,2.361646738e+00,2268.733,101595.481,101682.855,-3.006370e-03,-4.550e-15,5.981e-15,145842,981.5
9.400000000e-04,1.939796904e-03,2.361197142e+00,2269.094,101594.155,101685.093,1.349623e-02,-3.756e-15,6.054e-15,146625,987.3
9.450000000e-04,1.929201205e-03,2.362217784e+00,2269.454,101593.041,101675.610,1.728410e-03,-4.261e-15,6.226e-15,147408,993.0
9.500000000e-04,1.917732167e-03,2.361963167e+00,2269.811,101591.545,101675.929,-8.169351e-03,-3.178e-15,5.368e-15,148191,998.8
9.550000000e-04,1.905156930e-03,2.360825365e+00,2270.169,101590.533,101681.178,9.480389e-03,-2.672e-15,5.187e-15,148974,1004.6
9.600000000e-04,1.893540151e-03,2.361738948e+00,2270.524,101589.180,101676.500,8.267273e-03,-3.900e-15,5.435e-15,149757,1010.4
9.650000000e-04,1.882426654e-03,2.362101029e+00,2270.877,101587.815,101667.888,-8.172207e-03,-3.611e-15,5.669e-15,150540,1016.5
9.700000000e-04,1.870345532e-03,2.361143221e+00,2271.229,101586.596,101675.616,2.505134e-03,-4.839e-15,5.624e-15,151323,1022.4
9.750000000e-04,1.857744431e-03,2.361152795e+00,2271.580,101585.628,101675.519,1.286578e-02,-5.056e-15,5.647e-15,152106,1028.2
9.800000000e-04,1.846971952e-03,2.362061004e+00,2271.929,101584.227,101662.944,-4.130831e-03,-6.211e-15,5.748e-15,152889,1034.1
9.850000000e-04,1.835306106e-03,2.361559251e+00,2272.275,101582.703,101669.257,-4.455168e-03,-5.633e-15,5.658e-15,153672,1039.8
9.900000000e-04,1.822465371e-03,2.360581930e+00,2272.624,101582.203,101673.110,1.320885e-02,-5.344e-15,6.069e-15,154455,1045.5
9.950000000e-04,1.811379615e-03,2.361701760e+00,2272.968,101580.830,101665.594,2.139556e-03,-5.706e-15,5.536e-15,155238,1051.4
1.000000000e-03,1.800079143e-03,2.361758414e+00,2273.307,101578.917,101661.962,-8.231544e-03,-5.200e-15,5.479e-15,156022,1057.1
