case,nz,Rf_m,layers,max_err_over_max_b,rms_err_over_max_b,err_mid_over_max_b,build_s
vacuum,40,0.3,40,2.0647e-01,5.1176e-02,1.7291e-01,0.01
vacuum,40,0.3,60,2.0397e-01,4.9712e-02,1.7105e-01,0.01
vacuum,40,1.0,40,2.2138e-01,5.8099e-02,1.8577e-01,0.01
vacuum,40,1.0,60,2.2148e-01,5.8105e-02,1.8583e-01,0.01
vacuum,40,3.0,40,2.2104e-01,5.8027e-02,1.8550e-01,0.01
vacuum,40,3.0,60,2.2121e-01,5.8036e-02,1.8561e-01,0.01
vacuum,80,0.3,40,2.0471e-01,3.7263e-02,1.8159e-01,0.02
vacuum,80,0.3,60,1.7767e-01,3.2252e-02,1.5565e-01,0.05
vacuum,80,1.0,40,2.1155e-01,3.8491e-02,1.8835e-01,0.02
vacuum,80,1.0,60,2.1204e-01,3.8539e-02,1.8876e-01,0.05
vacuum,80,3.0,40,2.1048e-01,3.8351e-02,1.8742e-01,0.02
vacuum,80,3.0,60,2.1121e-01,3.8422e-02,1.8803e-01,0.04
vacuum,160,0.3,40,1.1154e-01,1.4743e-02,1.0424e-01,0.07
vacuum,160,0.3,60,1.1202e-01,1.4797e-02,1.0467e-01,0.17
vacuum,160,1.0,40,1.0972e-01,1.4449e-02,1.0261e-01,0.08
vacuum,160,1.0,60,1.1059e-01,1.4543e-02,1.0339e-01,0.17
vacuum,160,3.0,40,1.0848e-01,1.4303e-02,1.0147e-01,0.08
vacuum,160,3.0,60,1.0970e-01,1.4433e-02,1.0258e-01,0.17
vacuum,320,0.3,40,3.8368e-02,4.5095e-03,3.6989e-02,0.29
vacuum,320,0.3,60,3.8991e-02,4.5764e-03,3.7580e-02,0.66
vacuum,320,1.0,40,3.7312e-02,4.3275e-03,3.6007e-02,0.30
vacuum,320,1.0,60,3.8330e-02,4.4334e-03,3.6975e-02,0.67
vacuum,320,3.0,40,3.6272e-02,4.2181e-03,3.5016e-02,0.30
vacuum,320,3.0,60,3.7669e-02,4.3599e-03,3.6348e-02,0.66
