case,B_centre_T,nz,nr,clean,t_ms,device_thrust_N,exit_plane_thrust_N,core_gas_thrust_N,inlet_mom_N,wall_force_on_gas_N,mdot_out,mass_res,energy_res,mom_res,div_max,div_mean,ct_face_div,lorentz_z_N,coil_lorentz_z_N,body_axial_N,min_beta,steps,rejected,hll_fallbacks,wall_s,cell_updates_per_s,wall_b,robust,sync_J,robust_steps,wall_flux_mWb_z044,eta_m,joule_J
coil,1.00,80,12,split,8.000,395.7543,398.7465,517.5485,1152.552,-645.395,0.703009,1.5e-15,-1.7e-15,1.2e-16,4.32e-03,1.86e-04,5.9e-17,-55.335,-46.047,-53.676,2.22,13203,0,0,5.3,4.76e+06,transparent,1,0,0,-0.1753,1,81.18
coil,1.00,80,12,split,8.000,316.3613,316.2738,517.5485,1167.261,-634.907,0.582967,5.1e-15,4.5e-16,2.3e-16,9.44e-03,1.97e-04,3.5e-17,-132.110,-132.882,-158.266,0.273,23659,0,0,10.3,4.42e+06,insulating,1,0,0,0.0296,1,196.5
coil,1.00,80,12,split,8.000,312.0490,312.0288,517.5485,1168.228,-640.777,0.604572,-3.9e-17,-3.5e-16,1.4e-16,2.28e-02,4.14e-04,3.0e-17,-138.074,-138.393,-157.675,0.282,23287,0,0,9.6,4.67e+06,conducting,1,0,0,0.0000,1,171
coil,1.00,160,24,split,8.000,448.3257,449.6641,517.7723,1169.408,-642.158,0.782423,-3.6e-15,-4.0e-16,5.9e-17,2.71e-03,4.51e-05,3.9e-17,-32.303,-19.576,-21.198,3.65,48346,0,0,79.0,4.7e+06,transparent,1,0,0,-0.2244,1,53.78
coil,1.00,160,24,split,8.000,315.4727,315.3514,517.7723,1167.209,-639.999,0.581692,-2.4e-15,1.5e-15,2.0e-17,5.24e-03,4.25e-05,4.0e-17,-142.509,-142.937,-154.011,0.268,48435,0,0,82.3,4.52e+06,insulating,1,0,0,0.0302,1,203.1
coil,1.00,160,24,split,8.000,308.7016,308.6368,517.7723,1168.035,-643.251,0.600307,-2.8e-15,-6.9e-15,1.7e-16,1.29e-02,9.73e-05,4.7e-17,-148.028,-148.345,-158.356,0.279,48431,0,0,77.1,4.83e+06,conducting,1,0,0,0.0000,1,193.9
case,B_centre_T,nz,nr,clean,t_ms,device_thrust_N,exit_plane_thrust_N,core_gas_thrust_N,inlet_mom_N,wall_force_on_gas_N,mdot_out,mass_res,energy_res,mom_res,div_max,div_mean,ct_face_div,lorentz_z_N,coil_lorentz_z_N,body_axial_N,min_beta,steps,rejected,hll_fallbacks,wall_s,cell_updates_per_s,wall_b,robust,sync_J,robust_steps,wall_flux_mWb_z044,eta_m,joule_J
coil,1.00,80,12,split,8.000,507.0516,507.0549,517.5485,1180.445,-656.903,0.858819,3.2e-15,-5.4e-16,1.2e-16,7.30e-03,2.10e-04,3.8e-17,-4.010,36.637,41.237,35.1,12300,0,0,5.0,4.72e+06,transparent,1,0,0,-0.0969,0.1,5.342
coil,1.00,80,12,split,8.000,166.6604,162.7323,517.5485,1159.611,-675.589,0.354768,4.5e-17,1.2e-15,3.7e-16,1.40e-02,4.47e-04,5.4e-17,-238.575,-249.621,-259.635,0.221,27064,0,0,11.8,4.41e+06,insulating,1,0,0,0.2425,0.1,160.5
coil,1.00,80,12,split,8.000,151.8562,153.2357,517.5485,1159.637,-628.956,0.371992,1.1e-15,-5.7e-16,8.3e-17,2.36e-02,7.56e-04,5.4e-17,-270.753,-287.619,-321.097,0.236,27139,0,0,11.3,4.6e+06,conducting,1,0,0,0.0000,0.1,193.5
coil,1.00,160,24,split,8.000,515.6647,515.6217,517.7723,1183.079,-639.988,0.875244,6.9e-16,-4.8e-16,8.2e-17,4.26e-03,4.77e-05,3.4e-17,-1.638,29.042,30.300,151,24255,0,0,37.6,4.95e+06,transparent,1,0,0,-0.0523,0.1,2.87
coil,1.00,160,24,split,8.000,160.0122,157.6857,517.7723,1159.341,-656.900,0.343358,-2.2e-15,-2.3e-15,1.2e-16,8.35e-03,8.49e-05,4.8e-17,-261.323,-265.589,-284.702,0.2,56298,0,1,95.7,4.52e+06,insulating,1,0,0,0.2368,0.1,151.8
coil,1.00,160,24,split,8.000,148.3221,149.9380,517.7723,1159.551,-628.007,0.370129,6.6e-16,-5.7e-15,4.5e-16,1.14e-02,1.74e-04,5.2e-17,-289.726,-307.916,-325.495,0.237,54104,0,0,86.7,4.79e+06,conducting,1,0,0,0.0000,0.1,228.2
