# RL10A-3-3A chamber/nozzle contour — geometry-of-record (META-3 `rl10-geometry`, VAL-2 §3.2 N19)
# Source: NASA TM-107318 (NTRS 19970010379), cached at
#   data/anchors/TM-107318_ntrs_19970010379.pdf (sha256 2d25422c6b9d...)
#   - Table E1 (App. E, doc p.139): hot-gas property-node axial locations
#     (inches wrt throat) + expansion ratios wrt throat, transcribed verbatim.
#   - Table 2.5.1 (doc p.6): "Chamber Diameter 5.13 in", "Throat Diameter
#     2.47 in", nozzle area ratio 61.0. ERRATUM (2026-08-18, this
#     digitization): those two "Diameter" values are RADII — three
#     independent cross-checks: (a) the c* identity closes only with
#     A_t = pi*(2.47 in)^2 (c* = p_c*A_t/mdot = 2381 m/s vs record 2385;
#     with Ø 2.47 it gives 600 m/s, 4x off); (b) epsilon = 61 then puts the
#     exit at Ø 38.6 in — the RL10's known ~40 in bell (Ø 2.47-in-throat
#     would give a 19 in bell); (c) Fig. E1's radius axis reads ~2.5 in at
#     the throat and ~19 in at the exit, consistent with radii. Fig. E1's
#     axis label ("Radius") is CORRECT; Table 2.5.1's "Diameter" labels are
#     the TM's transcription error.
#   - Figure E1 (App. E, doc p.141): injector plane at z ~= -13.0 in and
#     nozzle-exit plane at z ~= +45.5 in (dashed lines, digitized +-0.5 in).
#
# Derived-row rules (declared closures, not new data):
#   - z = 0.000 / ratio 1.000: the throat, definitional.
#   - z = -13.000 / ratio 4.3129: injector plane; ratio = (5.13/2.47)^2 from
#     Table 2.5.1 radii (the geometric contraction ratio, scale-free); z from Fig. E1.
#   - z = +45.300 / ratio 61.0: exit; ratio is the Table 2.5.1 record value;
#     z closes the contour by linear taper of r(z) through the last two
#     Table E1 stations (radii 2.47*sqrt(45.0) and 2.47*sqrt(56.1)) toward
#     r_exit = 2.47*sqrt(61) = 19.291 in -> z_exit ~= 45.3 in (consistent
#     with Fig. E1's ~45.5 in dashed line; the closure is scale-free in the
#     ratio column, so the radius erratum does not move it).
#
# Interpretation rule (the consumer contract, crates/engine geometry):
#   r(z) = 2.47 * sqrt(area_ratio) inches (r_throat = 2.47 in, the erratum
#   above); between stations r(z) is
#   monotone piecewise-linear in r (the record gives no higher-order shape;
#   a smoother reconstruction must not overshoot station radii).
#
# Columns: z_in (axial, inches wrt throat, + = downstream), area_ratio
# (A/A* wrt throat), r_in = 2.47*sqrt(area_ratio) inches (the stated rule,
# materialized so consumers parse no comments), source.
z_in,area_ratio,r_in,source
-13.000,4.3129,5.1296,table251+figE1
-12.000,4.27,5.1040,tableE1
-10.000,4.14,5.0257,tableE1
-8.032,4.00,4.9400,tableE1
-6.068,3.65,4.7189,tableE1
-4.054,2.72,4.0736,tableE1
-2.018,1.62,3.1438,tableE1
-0.500,1.11,2.6023,tableE1
0.000,1.000,2.4700,derived
0.485,1.29,2.8054,tableE1
2.035,2.35,3.7864,tableE1
4.215,4.29,5.1159,tableE1
6.588,6.93,6.5022,tableE1
8.989,9.95,7.7913,tableE1
16.540,20.7,11.2378,tableE1
25.050,33.2,14.2320,tableE1
33.410,45.0,16.5693,tableE1
41.840,56.1,18.5003,tableE1
45.300,61.0,19.2913,table251+derived
