pair,of,pc_bar,eps,mode,tc_K,cstar_m_s,isp_vac_s
H2/O2,4.0,20.0,40.0,equilibrium,3063.8576228290963,2501.2815743751844,474.12460709269413
H2/O2,4.0,20.0,40.0,frozen,3063.8576228290963,2461.4510556113655,459.7253369778349
H2/O2,6.0,20.0,40.0,equilibrium,3427.09249329668,2329.1029314878238,463.2729798769807
H2/O2,6.0,20.0,40.0,frozen,3427.09249329668,2275.01084245128,430.21422014051024
H2/O2,8.0,20.0,40.0,equilibrium,3489.39360770101,2157.532631754933,437.41861102241796
H2/O2,8.0,20.0,40.0,frozen,3489.39360770101,2105.557596818682,399.46331605394306
CH4/O2,2.6,20.0,40.0,equilibrium,3260.953381381941,1893.8867941093442,366.4179785617696
CH4/O2,2.6,20.0,40.0,frozen,3260.953381381941,1854.1648223981006,348.6828491787604
CH4/O2,3.4,20.0,40.0,equilibrium,3445.9489601050404,1844.5342794409328,373.06086342931366
CH4/O2,3.4,20.0,40.0,frozen,3445.9489601050404,1797.0677945978994,340.4275485418742
CH4/O2,4.0,20.0,40.0,equilibrium,3447.346859947489,1789.9437259058398,364.2982390723825
CH4/O2,4.0,20.0,40.0,frozen,3447.346859947489,1743.502871756085,330.78605677997757
LH2/LOX,4.5,32.75,61.0,equilibrium,3091.308536893382,2392.135046122817,461.4112492467134
LH2/LOX,4.5,32.75,61.0,frozen,3091.308536893382,2359.642710142173,449.16282119245466
LH2/LOX,5.5,32.75,61.0,equilibrium,3326.635962761831,2327.7867243451506,460.81997041308404
LH2/LOX,5.5,32.75,61.0,frozen,3326.635962761831,2284.5936103120757,438.7093177188051
LH2/LOX,6.5,32.75,61.0,equilibrium,3447.2614721714153,2249.404038323284,456.09000411957203
LH2/LOX,6.5,32.75,61.0,frozen,3447.2614721714153,2202.0750737632306,424.8903971981299
