case,b_z,beta_right,nz,nr,L1_rho_vs_exact,max_abs_ur,max_abs_br,max_abs_bt,div_max,mass_res,energy_res,hll_fallbacks
aligned-none,0.000,0,100,8,6.8738e-03,5.6e-16,0.0e+00,0.0e+00,0.0e+00,-6.4e-15,-1.9e-15,0
aligned-none,0.000,0,200,8,4.0118e-03,1.4e-15,0.0e+00,0.0e+00,0.0e+00,1.4e-14,1.2e-14,0
aligned-none,0.000,0,400,8,2.2293e-03,3.6e-15,0.0e+00,0.0e+00,0.0e+00,-2.7e-14,-1.8e-14,0
aligned-none,4.472,0.01,100,8,1.2195e-02,2.6e-14,9.8e-14,0.0e+00,2.1e-14,-1.3e-15,-2.1e-14,0
aligned-ct,4.472,0.01,100,8,1.2195e-02,1.7e-15,0.0e+00,0.0e+00,0.0e+00,-2.4e-15,-1.5e-14,0
aligned-none,4.472,0.01,200,8,6.6143e-03,2.9e-14,1.7e-13,0.0e+00,1.8e-14,1.6e-14,-1.4e-14,0
aligned-ct,4.472,0.01,200,8,6.6143e-03,7.6e-15,0.0e+00,0.0e+00,0.0e+00,1.7e-14,-9.8e-15,0
aligned-none,4.472,0.01,400,8,3.5309e-03,2.1e-13,5.0e-13,0.0e+00,2.6e-13,-2.8e-14,-4.4e-15,0
aligned-ct,4.472,0.01,400,8,3.5309e-03,2.0e-14,0.0e+00,0.0e+00,0.0e+00,-3.1e-14,1.1e-15,0
aligned-none,14.142,0.001,100,8,1.9571e-02,1.8e-14,2.4e-13,0.0e+00,2.2e-14,3.2e-15,-1.0e-15,0
aligned-ct,14.142,0.001,100,8,1.9571e-02,4.6e-15,0.0e+00,0.0e+00,0.0e+00,1.8e-15,-2.3e-15,0
aligned-none,14.142,0.001,200,8,1.0748e-02,1.9e-14,2.0e-13,0.0e+00,7.6e-15,2.5e-14,5.2e-15,0
aligned-ct,14.142,0.001,200,8,1.0748e-02,6.9e-15,0.0e+00,0.0e+00,0.0e+00,2.5e-14,3.6e-15,0
aligned-none,14.142,0.001,400,8,5.6774e-03,6.0e-14,6.7e-13,0.0e+00,6.0e-14,-5.1e-14,-2.5e-15,0
aligned-ct,14.142,0.001,400,8,5.6774e-03,1.3e-14,0.0e+00,0.0e+00,0.0e+00,-2.0e-14,-5.2e-15,0
