# Spitzer check (NRL 2019 p.34, hand values): T=100 eV n=1e20 Z=1: lnL=12.487 (hand 12.49) eta=1.2862e-06 ohm m (hand 1.287e-6); T=1 eV: lnL=6.882 (hand 6.88) eta=7.0884e-04 (hand 7.09e-4)
case,wall,n,eta_m,lambda,rate_measured_over_exact_minus_1,psi_L2_rel_err,dE_mag,dE_int,joule_integral,dEint_over_minus_dEmag_minus_1,joule_over_minus_dEmag_minus_1,energy_res,steps
radial,transparent,16,0.01,9.8696,-3.212e-03,3.217e-03,-3.381219e+01,3.381219e+01,3.348734e+01,6.383e-11,-9.608e-03,-1.4e-16,208
radial,transparent,32,0.01,9.8696,-8.033e-04,8.035e-04,-3.391949e+01,3.391949e+01,3.383781e+01,-1.038e-09,-2.408e-03,5.5e-17,519
radial,transparent,64,0.01,9.8696,-2.005e-04,2.006e-04,-3.394634e+01,3.394634e+01,3.392588e+01,-6.859e-08,-6.026e-04,1.4e-16,1764
radial,transparent,128,0.01,9.8696,-4.996e-05,4.983e-05,-3.395305e+01,3.395305e+01,3.394793e+01,6.695e-08,-1.508e-04,9.0e-17,6744
axial,transparent,16,0.01,39.4784,-1.285e-02,1.293e-02,-3.338464e+01,3.362513e+01,3.211404e+01,7.204e-03,-3.806e-02,-4.6e-17,52
axial,transparent,32,0.01,39.4784,-3.218e-03,3.224e-03,-3.381214e+01,3.392692e+01,3.348730e+01,3.395e-03,-9.607e-03,5.7e-16,130
axial,transparent,64,0.01,39.4784,-8.037e-04,8.040e-04,-3.391949e+01,3.398172e+01,3.383783e+01,1.834e-03,-2.408e-03,6.5e-16,441
axial,transparent,128,0.01,39.4784,-2.008e-04,2.008e-04,-3.394635e+01,3.398582e+01,3.392590e+01,1.163e-03,-6.023e-04,-1.1e-15,1686
bessel,conducting,16,0.01,14.682,-4.779e-03,4.791e-03,-5.473576e-06,5.473575e-06,5.422839e-06,-1.081e-07,-9.269e-03,-9.0e-17,140
bessel,conducting,32,0.01,14.682,-1.195e-03,1.196e-03,-5.499426e-06,5.499426e-06,5.486656e-06,-1.080e-07,-2.322e-03,5.3e-16,349
bessel,conducting,64,0.01,14.682,-2.986e-04,2.987e-04,-5.505904e-06,5.505904e-06,5.502706e-06,-1.079e-07,-5.810e-04,1.1e-15,1186
bessel,conducting,128,0.01,14.682,-7.448e-05,7.451e-05,-5.507524e-06,5.507524e-06,5.506724e-06,-1.106e-07,-1.454e-04,-1.2e-14,4534
bessel,transparent,16,0.01,14.682,-4.779e-03,4.791e-03,-5.473576e-06,5.473575e-06,5.422839e-06,-1.077e-07,-9.269e-03,2.2e-16,140
bessel,transparent,32,0.01,14.682,-1.195e-03,1.196e-03,-5.499426e-06,5.499426e-06,5.486656e-06,-1.080e-07,-2.322e-03,3.6e-16,349
bessel,transparent,64,0.01,14.682,-2.986e-04,2.987e-04,-5.505904e-06,5.505904e-06,5.502706e-06,-1.078e-07,-5.810e-04,1.6e-15,1186
bessel,transparent,128,0.01,14.682,-7.448e-05,7.451e-05,-5.507524e-06,5.507524e-06,5.506724e-06,-1.106e-07,-1.454e-04,-1.2e-14,4534
