case,B_centre_T,nz,nr,clean,t_ms,max_speed_m_s,max_speed_over_vA,div_max,div_mean,ct_face_div,lorentz_z_N,steps
static,1.00,40,6,none,1,7.9342e+01,9.584e-02,7.81e-02,3.55e-03,0.0e+00,-2.8046e+00,1285
static,1.00,40,6,glm,1,2.5742e+01,3.110e-02,1.92e-02,7.10e-03,0.0e+00,-1.1347e-01,1445
static,1.00,40,6,ct,1,1.9126e+01,2.310e-02,1.04e-02,9.43e-04,2.3e-17,-6.0967e-01,2106
static,1.00,80,12,none,1,4.5404e+01,5.485e-02,5.03e-02,1.57e-03,0.0e+00,-1.0095e-01,2699
static,1.00,80,12,glm,1,3.3664e+01,4.067e-02,1.07e-02,2.29e-03,0.0e+00,-1.9129e-01,3041
static,1.00,80,12,ct,1,1.5696e+01,1.896e-02,6.58e-03,2.42e-04,5.0e-17,-6.7949e-01,4260
static,1.00,160,24,none,FAILED at t=8.352e-01 ms after 5191 steps
static,1.00,160,24,none,1,5.3070e+02,6.411e-01,5.02e-02,1.00e-03,0.0e+00,-4.7982e+00,5191
static,1.00,160,24,glm,1,3.5852e+01,4.331e-02,6.32e-03,7.51e-04,0.0e+00,-1.6074e-01,6217
static,1.00,160,24,ct,1,2.5683e+01,3.103e-02,4.04e-03,7.64e-05,4.3e-17,9.4122e-01,10089
